{"cameraMode":{"drawMode":0,"name":"Shaded","section":"Shading Mode"},"sceneLighting":true,"audioPlay":false,"sceneViewState":{"showFog":true,"showMaterialUpdate":false,"showSkybox":true,"showFlares":true,"showImageEffects":true,"showParticleSystems":true},"in2DMode":false,"pivot":{"x":0.6065220236778259,"y":2.5657994747161867,"z":-11.971747398376465},"rotation":{"x":0.003898386610671878,"y":0.004499813076108694,"z":-0.00001784891719580628,"w":0.9999876618385315},"size":0.8406316637992859,"orthographic":false}