{"cameraMode":{"drawMode":0,"name":"Shaded","section":"Shading Mode"},"sceneLighting":true,"audioPlay":false,"sceneViewState":{"showFog":true,"showMaterialUpdate":false,"showSkybox":true,"showFlares":true,"showImageEffects":true,"showParticleSystems":true},"in2DMode":false,"pivot":{"x":21.941068649291993,"y":0.6134663820266724,"z":6.11044979095459},"rotation":{"x":0.004597452003508806,"y":-0.5256686806678772,"z":0.002828907920047641,"w":0.8506909012794495},"size":6.17434549331665,"orthographic":false}